tcr_id	epitope
tcr_0_0000	GILGFVFTL
tcr_0_0001	GILGFVFTL
tcr_0_0002	GILGFVFTL
tcr_0_0003	GILGFVFTL
tcr_0_0004	GILGFVFTL
tcr_0_0005	GILGFVFTL
tcr_0_0006	GILGFVFTL
tcr_0_0007	GILGFVFTL
tcr_0_0008	GILGFVFTL
tcr_0_0009	GILGFVFTL
tcr_0_0010	GILGFVFTL
tcr_0_0011	GILGFVFTL
tcr_0_0012	GILGFVFTL
tcr_0_0013	GILGFVFTL
tcr_0_0014	GILGFVFTL
tcr_0_0015	GILGFVFTL
tcr_0_0016	GILGFVFTL
tcr_0_0017	GILGFVFTL
tcr_0_0018	GILGFVFTL
tcr_0_0019	GILGFVFTL
tcr_0_0020	GILGFVFTL
tcr_0_0021	GILGFVFTL
tcr_0_0022	GILGFVFTL
tcr_0_0023	GILGFVFTL
tcr_1_0024	NLVPMVATV
tcr_1_0025	NLVPMVATV
tcr_1_0026	NLVPMVATV
tcr_1_0027	NLVPMVATV
tcr_1_0028	NLVPMVATV
tcr_1_0029	NLVPMVATV
tcr_1_0030	NLVPMVATV
tcr_1_0031	NLVPMVATV
tcr_1_0032	NLVPMVATV
tcr_1_0033	NLVPMVATV
tcr_1_0034	NLVPMVATV
tcr_1_0035	NLVPMVATV
tcr_1_0036	NLVPMVATV
tcr_1_0037	NLVPMVATV
tcr_1_0038	NLVPMVATV
tcr_1_0039	NLVPMVATV
tcr_1_0040	NLVPMVATV
tcr_1_0041	NLVPMVATV
tcr_1_0042	NLVPMVATV
tcr_1_0043	NLVPMVATV
tcr_1_0044	NLVPMVATV
tcr_1_0045	NLVPMVATV
tcr_1_0046	NLVPMVATV
tcr_1_0047	NLVPMVATV
tcr_1_0048	NLVPMVATV
tcr_1_0049	NLVPMVATV
tcr_1_0050	NLVPMVATV
tcr_1_0051	NLVPMVATV
tcr_1_0052	NLVPMVATV
tcr_1_0053	NLVPMVATV
tcr_1_0054	NLVPMVATV
tcr_1_0055	NLVPMVATV
tcr_2_0056	ELAGIGILTV
tcr_2_0057	ELAGIGILTV
tcr_2_0058	ELAGIGILTV
tcr_2_0059	ELAGIGILTV
tcr_2_0060	ELAGIGILTV
tcr_2_0061	ELAGIGILTV
tcr_2_0062	ELAGIGILTV
tcr_2_0063	ELAGIGILTV
tcr_2_0064	ELAGIGILTV
tcr_2_0065	ELAGIGILTV
tcr_2_0066	ELAGIGILTV
tcr_2_0067	ELAGIGILTV
tcr_2_0068	ELAGIGILTV
tcr_2_0069	ELAGIGILTV
tcr_2_0070	ELAGIGILTV
tcr_2_0071	ELAGIGILTV
tcr_2_0072	ELAGIGILTV
tcr_2_0073	ELAGIGILTV
tcr_2_0074	ELAGIGILTV
tcr_2_0075	ELAGIGILTV
tcr_2_0076	ELAGIGILTV
tcr_2_0077	ELAGIGILTV
tcr_3_0078	LLFGYPVYV
tcr_3_0079	LLFGYPVYV
tcr_3_0080	LLFGYPVYV
tcr_3_0081	LLFGYPVYV
tcr_3_0082	LLFGYPVYV
tcr_3_0083	LLFGYPVYV
tcr_3_0084	LLFGYPVYV
tcr_3_0085	LLFGYPVYV
tcr_3_0086	LLFGYPVYV
tcr_3_0087	LLFGYPVYV
tcr_3_0088	LLFGYPVYV
tcr_3_0089	LLFGYPVYV
tcr_3_0090	LLFGYPVYV
tcr_3_0091	LLFGYPVYV
tcr_3_0092	LLFGYPVYV
tcr_3_0093	LLFGYPVYV
tcr_3_0094	LLFGYPVYV
tcr_3_0095	LLFGYPVYV
tcr_3_0096	LLFGYPVYV
tcr_3_0097	LLFGYPVYV
tcr_3_0098	LLFGYPVYV
tcr_3_0099	LLFGYPVYV
tcr_3_0100	LLFGYPVYV
tcr_3_0101	LLFGYPVYV
tcr_3_0102	LLFGYPVYV
tcr_3_0103	LLFGYPVYV
tcr_3_0104	LLFGYPVYV
tcr_3_0105	LLFGYPVYV
tcr_3_0106	LLFGYPVYV
tcr_3_0107	LLFGYPVYV
tcr_3_0108	LLFGYPVYV
tcr_3_0109	LLFGYPVYV
tcr_3_0110	LLFGYPVYV
tcr_3_0111	LLFGYPVYV
tcr_4_0112	TPQDLNTML
tcr_4_0113	TPQDLNTML
tcr_4_0114	TPQDLNTML
tcr_4_0115	TPQDLNTML
tcr_4_0116	TPQDLNTML
tcr_4_0117	TPQDLNTML
tcr_4_0118	TPQDLNTML
tcr_4_0119	TPQDLNTML
tcr_4_0120	TPQDLNTML
tcr_4_0121	TPQDLNTML
tcr_4_0122	TPQDLNTML
tcr_4_0123	TPQDLNTML
tcr_4_0124	TPQDLNTML
tcr_4_0125	TPQDLNTML
tcr_4_0126	TPQDLNTML
tcr_4_0127	TPQDLNTML
tcr_4_0128	TPQDLNTML
tcr_4_0129	TPQDLNTML
tcr_4_0130	TPQDLNTML
tcr_4_0131	TPQDLNTML
tcr_4_0132	TPQDLNTML
tcr_4_0133	TPQDLNTML
tcr_4_0134	TPQDLNTML
tcr_4_0135	TPQDLNTML
tcr_4_0136	TPQDLNTML
tcr_4_0137	TPQDLNTML
tcr_4_0138	TPQDLNTML
tcr_4_0139	TPQDLNTML
tcr_4_0140	TPQDLNTML
tcr_4_0141	TPQDLNTML
tcr_4_0142	TPQDLNTML
tcr_4_0143	TPQDLNTML
tcr_4_0144	TPQDLNTML
tcr_4_0145	TPQDLNTML
tcr_4_0146	TPQDLNTML
tcr_4_0147	TPQDLNTML
tcr_4_0148	TPQDLNTML
tcr_4_0149	TPQDLNTML
tcr_4_0150	TPQDLNTML
tcr_4_0151	TPQDLNTML
tcr_4_0152	TPQDLNTML
tcr_4_0153	TPQDLNTML
tcr_4_0154	TPQDLNTML
tcr_4_0155	TPQDLNTML
noise_0000	noise
noise_0001	noise
noise_0002	noise
noise_0003	noise
noise_0004	noise
noise_0005	noise
noise_0006	noise
noise_0007	noise
noise_0008	noise
noise_0009	noise
noise_0010	noise
noise_0011	noise
noise_0012	noise
noise_0013	noise
noise_0014	noise
noise_0015	noise
noise_0016	noise
noise_0017	noise
noise_0018	noise
noise_0019	noise
noise_0020	noise
noise_0021	noise
noise_0022	noise
noise_0023	noise
noise_0024	noise
noise_0025	noise
noise_0026	noise
noise_0027	noise
noise_0028	noise
noise_0029	noise
